name,calories,salts,proteins,fats,carbs
Apple,52,0.0,0.3,0.2,13.8
Banana,89,0.0,1.1,0.3,22.8
Orange,47,0.0,0.9,0.1,11.8
Strawberry,32,0.0,0.7,0.3,7.7
Blueberry,57,0.0,0.7,0.3,14.5
Grape,69,0.0,0.7,0.2,18.1
Watermelon,30,0.0,0.6,0.2,7.6
Mango,60,0.0,0.8,0.4,15.0
Pineapple,50,0.0,0.5,0.1,13.1
Peach,39,0.0,0.9,0.3,9.5
Pear,57,0.0,0.4,0.1,15.2
Kiwi,61,0.0,1.1,0.5,14.7
Cherry,50,0.0,1.0,0.3,12.2
Lemon,29,0.0,1.1,0.3,9.3
Avocado,160,0.0,2.0,14.7,8.5
Broccoli,34,0.1,2.8,0.4,6.6
Carrot,41,0.1,0.9,0.2,9.6
Spinach,23,0.2,2.9,0.4,3.6
Kale,49,0.1,4.3,0.9,8.8
Potato,77,0.0,2.0,0.1,17.5
Sweet Potato,86,0.1,1.6,0.1,20.1
Tomato,18,0.0,0.9,0.2,3.9
Cucumber,15,0.0,0.7,0.1,3.6
Bell Pepper,31,0.0,1.0,0.3,6.0
Onion,40,0.0,1.1,0.1,9.3
Garlic,149,0.0,6.4,0.5,33.1
Mushroom,22,0.0,3.1,0.3,3.3
Asparagus,20,0.0,2.2,0.1,3.9
Zucchini,17,0.0,1.2,0.3,3.1
Eggplant,25,0.0,1.0,0.2,5.9
Chicken Breast,165,0.2,31.0,3.6,0.0
Chicken Thigh,209,0.2,26.0,10.9,0.0
Turkey Breast,135,0.1,30.0,0.7,0.0
Ground Beef,176,0.2,20.0,10.0,0.0
Beef Steak,244,0.1,27.0,15.0,0.0
Pork Chop,231,0.1,24.0,14.0,0.0
Bacon,541,1.7,37.0,42.0,1.4
Salmon,208,0.1,22.0,13.0,0.0
Tuna,116,0.8,26.0,0.8,0.0
Cod,82,0.2,18.0,0.7,0.0
Shrimp,99,0.3,24.0,0.3,0.2
Egg,155,0.3,13.0,11.0,1.1
Tofu,83,0.0,8.0,4.8,1.9
Tempeh,192,0.0,19.0,11.0,9.0
Lentils,116,0.0,9.0,0.4,20.0
Chickpeas,164,0.0,8.9,2.6,27.4
Black Beans,132,0.0,8.9,0.5,23.7
Kidney Beans,127,0.0,8.7,0.5,22.8
Quinoa,120,0.0,4.4,1.9,21.3
Brown Rice,112,0.0,2.6,0.9,23.5
White Rice,130,0.0,2.7,0.3,28.2
Oatmeal,68,0.0,2.4,1.4,12.0
Whole Wheat Bread,247,1.0,13.0,3.4,41.0
White Bread,265,1.2,9.0,3.2,49.0
Pasta,131,0.0,5.0,1.1,25.0
Greek Yogurt,59,0.1,10.0,0.4,3.6
Whole Milk,61,0.1,3.2,3.3,4.8
Skim Milk,34,0.1,3.4,0.1,5.0
Cheddar Cheese,403,1.6,25.0,33.0,1.3
Mozzarella,280,1.4,22.0,17.0,2.2
Cottage Cheese,98,0.8,11.0,4.3,3.4
Butter,717,0.0,0.9,81.0,0.1
Almonds,579,0.0,21.0,50.0,22.0
Walnuts,654,0.0,15.0,65.0,14.0
Peanuts,567,0.0,26.0,49.0,16.0
Cashews,553,0.0,18.0,44.0,30.0
Chia Seeds,486,0.0,17.0,31.0,42.0
Flax Seeds,534,0.1,18.0,42.0,29.0
Pumpkin Seeds,559,0.0,30.0,49.0,11.0
Sunflower Seeds,584,0.0,21.0,51.0,20.0
Hummus,166,1.0,8.0,9.6,14.0
Peanut Butter,588,1.1,25.0,50.0,20.0
Olive Oil,884,0.0,0.0,100.0,0.0
Coconut Oil,862,0.0,0.0,100.0,0.0
Soy Sauce,53,13.0,8.0,0.6,4.9
Ketchup,101,2.3,1.0,0.1,27.0
Mayonnaise,680,1.6,1.0,75.0,0.6
Honey,304,0.0,0.3,0.0,82.0
Dark Chocolate,598,0.0,8.0,43.0,46.0
Milk Chocolate,535,0.2,8.0,30.0,59.0
Potato Chips,536,1.5,7.0,35.0,53.0
Pretzels,380,3.2,10.0,3.0,80.0
Popcorn,387,0.0,13.0,5.0,78.0
Vanilla Ice Cream,207,0.1,3.5,11.0,24.0
Cheese Pizza,266,1.5,11.0,10.0,33.0
Beef Burger,295,1.2,17.0,14.0,24.0
French Fries,312,0.5,3.4,15.0,41.0
Hot Dog,290,2.1,10.0,26.0,4.0
Sushi Roll,150,1.2,6.0,2.0,30.0
Croissant,406,1.2,8.0,21.0,46.0
Chocolate Cookie,488,0.8,5.0,24.0,63.0
Doughnut,452,1.2,5.0,25.0,51.0
Blueberry Muffin,377,0.9,4.0,16.0,55.0
Fruit Yogurt,95,0.1,3.5,1.5,17.0
Green Peas,81,0.0,5.0,0.4,14.0
Sweet Corn,86,0.0,3.2,1.2,19.0
Green Beans,31,0.0,1.8,0.1,7.0
Cabbage,25,0.0,1.3,0.1,5.8
Cauliflower,25,0.1,1.9,0.3,5.0
Brussels Sprouts,43,0.1,3.4,0.3,9.0
Apricot,48,0.0,1.4,0.4,11.0
Raspberry,52,0.0,1.2,0.7,12.0
Blackberry,43,0.0,1.4,0.5,10.0
Cranberry,46,0.0,0.4,0.1,12.0
Pomegranate,83,0.0,1.7,1.2,19.0
Cantaloupe,34,0.1,0.8,0.2,8.0
Honeydew,36,0.1,0.5,0.1,9.0
Papaya,43,0.0,0.5,0.3,11.0
Fig,74,0.0,0.8,0.3,19.0
Guava,68,0.0,2.6,1.0,14.0
Plum,46,0.0,0.7,0.3,11.0
Nectarine,44,0.0,1.1,0